﻿<?xml version="1.0" encoding="utf-8" ?>
<Defs>

  <StatDef>
    <defName>WorkSpeedGlobal</defName>
    <label>global work speed</label>
    <description>A multiplier on someone's speed at doing any work.</description>
    <category>PawnWork</category>
    <displayPriorityInCategory>100</displayPriorityInCategory>
    <defaultBaseValue>3.5</defaultBaseValue>
    <toStringStyle>PercentZero</toStringStyle>
    <parts>
			<li Class="StatPart_Glow">
				<factorFromGlowCurve>
					<points>
						<li>(0,0.80)</li>
						<li>(0.30,1.00)</li>
					</points>
				</factorFromGlowCurve>
			</li>
    </parts>
		<scenarioRandomizable>true</scenarioRandomizable>
	</StatDef>

</Defs>