﻿<?xml version="1.0" encoding="utf-8" ?>
<Defs>

<!-- Accessory Makeable Base Class -->
  <ThingDef Name="USAccessoryBase" Abstract="True">
    <thingClass>Apparel</thingClass>
    <category>Item</category>
    <selectable>True</selectable>
    <pathCost>10</pathCost>
    <useHitPoints>True</useHitPoints>
    <graphicData>
      <onGroundRandomRotateAngle>30</onGroundRandomRotateAngle>
    </graphicData>
    <drawGUIOverlay>true</drawGUIOverlay>	
    <statBases>
      <MaxHitPoints>100</MaxHitPoints>
      <Flammability>1.0</Flammability>
      <DeteriorationRate>1</DeteriorationRate>
      <SellPriceFactor>0.5</SellPriceFactor>
      <Insulation_Cold>-3</Insulation_Cold>
      <Mass>1</Mass>	  
	  <Beauty>-3</Beauty>	  
    </statBases>
    <altitudeLayer>Item</altitudeLayer>
    <alwaysHaulable>True</alwaysHaulable>
    <tickerType>Never</tickerType>		
    <apparel>
		<defaultOutfitTags>
			<li>Soldier</li>
		</defaultOutfitTags>		
    </apparel>		
    <comps>
      <li Class="CompProperties_Forbiddable"/>
      <li><compClass>CompColorable</compClass></li>	  
      <li><compClass>CompQuality</compClass></li>
    </comps>	
	<colorGenerator Class="ColorGenerator_Options">
      <options>
        <li><weight>10</weight><only>RGBA(0.6,0.6,0.6,1)</only></li>
        <li><weight>10</weight><only>RGBA(0.75,0.75,0.75,1)</only></li>
        <li><weight>10</weight><only>RGBA(0.9,0.9,0.9,1)</only></li>
      </options>
    </colorGenerator>
  </ThingDef>
  
    <ThingDef Name="USMakeableAccessoryBase" ParentName="USAccessoryBase" Abstract="True">
    <recipeMaker>
      <workSpeedStat>TailoringSpeed</workSpeedStat>
      <workSkill>Crafting</workSkill>
      <effectWorking>Tailor</effectWorking>
      <soundWorking>Recipe_Tailor</soundWorking>
      <recipeUsers>
        <li>USWeaponArmorbench</li>
      </recipeUsers>
      <unfinishedThingDef>UnfinishedApparel</unfinishedThingDef>
    </recipeMaker>
  </ThingDef>


    <!-- BASIC GLOVES/BOOTS -->
	<ThingDef ParentName="USMakeableAccessoryBase">
    <defName>BasicGloves</defName>
    <label>Basic Gloves</label>
    <description>GLOVE DESCRIPTION</description>
    <graphicData>
      <texPath>Things/Item/Equipment/Accessory/BasicGloves</texPath>
      <graphicClass>Graphic_Single</graphicClass>
    </graphicData>
	<recipeMaker>
      <researchPrerequisite>USArmors</researchPrerequisite>
    </recipeMaker>
	    <costStuffCount>35</costStuffCount>
    <stuffCategories>
      <li>Fabric</li>
      <li>Leathery</li>
    </stuffCategories>
    <statBases>
	  <MarketValue>200</MarketValue>
	  <WorkToMake>2000</WorkToMake>
      <ArmorRating_Blunt>0.05</ArmorRating_Blunt>
      <ArmorRating_Sharp>0.05</ArmorRating_Sharp>
	  <ArmorRating_Heat>0.05</ArmorRating_Heat>
	  <ArmorRating_Electric>0.05</ArmorRating_Electric>
      <Insulation_Cold>-5</Insulation_Cold>
      <Insulation_Heat>5</Insulation_Heat>
    </statBases>
    <equippedStatOffsets>
      <WorkSpeedGlobal>0.1</WorkSpeedGlobal>
      <MeleeHitChance>0.1</MeleeHitChance>	  
      <ShootingAccuracy>0.05</ShootingAccuracy>	  
      <AimingDelayFactor>-0.05</AimingDelayFactor>		  
    </equippedStatOffsets>
    <thingCategories>
		<li>Handwear</li>
	</thingCategories>
    <apparel>
      <bodyPartGroups>
		<li>Hands</li>
	  </bodyPartGroups>
      <layers>
		<li>OnSkin</li>
	  </layers>
    </apparel>
	    <tradeTags>
			<li>USGoods</li>
		</tradeTags>	
  </ThingDef>
  
	<ThingDef ParentName="USMakeableAccessoryBase">
    <defName>BasicBoots</defName>
    <label>Basic Boots</label>
    <description>BOOT DESCRIPTION</description>
    <graphicData>
      <texPath>Things/Item/Equipment/Accessory/BasicBoots</texPath>
      <graphicClass>Graphic_Single</graphicClass>
    </graphicData>
	<recipeMaker>
      <researchPrerequisite>USArmors</researchPrerequisite>
    </recipeMaker>
	    <costStuffCount>35</costStuffCount>
    <stuffCategories>
      <li>Fabric</li>
      <li>Leathery</li>
    </stuffCategories>
	<costList>
	  <Steel>5</Steel>
    </costList>	
    <statBases>
	  <MarketValue>250</MarketValue>
	  <WorkToMake>2000</WorkToMake>
      <ArmorRating_Blunt>0.35</ArmorRating_Blunt>
      <ArmorRating_Sharp>0.6</ArmorRating_Sharp>
	  <ArmorRating_Heat>0.5</ArmorRating_Heat>
	  <ArmorRating_Electric>.5</ArmorRating_Electric>
      <Insulation_Cold>-5</Insulation_Cold>
      <Insulation_Heat>5</Insulation_Heat>
    </statBases>
    <equippedStatOffsets>
		<MoveSpeed>1</MoveSpeed>
    </equippedStatOffsets>
    <thingCategories>
		<li>Footwear</li>
	</thingCategories>	
    <apparel>
      <bodyPartGroups>
		<li>Feet</li>
	  </bodyPartGroups>
      <layers>
		<li>OnSkin</li>
	  </layers>
    </apparel>
	    <tradeTags>
			<li>USGoods</li>
		</tradeTags>	
  </ThingDef>
  
      <!-- ADVANCED GLOVES/BOOTS -->
	<ThingDef ParentName="USMakeableAccessoryBase">
    <defName>AdvancedGloves</defName>
    <label>Advanced Gloves</label>
    <description>GLOVE DESCRIPTION</description>
    <graphicData>
      <texPath>Things/Item/Equipment/Accessory/AdvancedGloves</texPath>
      <graphicClass>Graphic_Single</graphicClass>
    </graphicData>
	<recipeMaker>
      <researchPrerequisite>USArmors</researchPrerequisite>
    </recipeMaker>
    <costList>
      <Synthread>40</Synthread>  
    </costList>	
    <statBases>
	  <MarketValue>500</MarketValue>
	  <WorkToMake>4000</WorkToMake>
		<ArmorRating_Blunt>0.2</ArmorRating_Blunt>
        <ArmorRating_Sharp>0.2</ArmorRating_Sharp>
        <ArmorRating_Heat>0.2</ArmorRating_Heat>
        <ArmorRating_Electric>0.2</ArmorRating_Electric>
      <Insulation_Cold>-10</Insulation_Cold>
      <Insulation_Heat>10</Insulation_Heat>
    </statBases>
    <equippedStatOffsets>
      <WorkSpeedGlobal>0.3</WorkSpeedGlobal>
      <MeleeHitChance>0.20</MeleeHitChance>	  
      <ShootingAccuracy>0.15</ShootingAccuracy>	  
      <AimingDelayFactor>-0.15</AimingDelayFactor>		  
    </equippedStatOffsets>
    <thingCategories>
		<li>Handwear</li>
	</thingCategories>
    <apparel>
      <bodyPartGroups>
		<li>Hands</li>
	  </bodyPartGroups>
      <layers>
		<li>OnSkin</li>
	  </layers>
    </apparel>
	    <tradeTags>
			<li>USGoods</li>
		</tradeTags>	
  </ThingDef>
  
	<ThingDef ParentName="USMakeableAccessoryBase">
    <defName>AdvancedBoots</defName>
    <label>Advanced Boots</label>
    <description>BOOT DESCRIPTION</description>
    <graphicData>
      <texPath>Things/Item/Equipment/Accessory/AdvancedBoots</texPath>
      <graphicClass>Graphic_Single</graphicClass>
    </graphicData>
	<recipeMaker>
      <researchPrerequisite>USArmors</researchPrerequisite>
    </recipeMaker>
    <costList>
      <Synthread>50</Synthread> 
	  <Steel>5</Steel>
    </costList>	
    <statBases>
	  <MarketValue>650</MarketValue>
	  <WorkToMake>4000</WorkToMake>
      <ArmorRating_Blunt>0.2</ArmorRating_Blunt>
        <ArmorRating_Sharp>0.2</ArmorRating_Sharp>
        <ArmorRating_Heat>0.2</ArmorRating_Heat>
        <ArmorRating_Electric>0.2</ArmorRating_Electric>
      <Insulation_Cold>-10</Insulation_Cold>
      <Insulation_Heat>10</Insulation_Heat>
    </statBases>
    <equippedStatOffsets>
		<MoveSpeed>2</MoveSpeed>
    </equippedStatOffsets>
    <thingCategories>
		<li>Footwear</li>
	</thingCategories>	
    <apparel>
      <bodyPartGroups>
		<li>Feet</li>
	  </bodyPartGroups>
      <layers>
		<li>OnSkin</li>
	  </layers>
    </apparel>
	    <tradeTags>
			<li>USGoods</li>
		</tradeTags>	
  </ThingDef>
  
      <!-- POWER GLOVES/BOOTS -->
	<ThingDef ParentName="USMakeableAccessoryBase">
    <defName>PowerGloves</defName>
    <label>Power Gloves</label>
    <description>GLOVE DESCRIPTION</description>
    <graphicData>
      <texPath>Things/Item/Equipment/Accessory/PowerGloves</texPath>
      <graphicClass>Graphic_Single</graphicClass>
    </graphicData>
	<recipeMaker>
      <researchPrerequisite>USArmors</researchPrerequisite>
    </recipeMaker>
    <costList>
	  <Powershard>2</Powershard>  
      <Hyperweave>50</Hyperweave>  
    </costList>	
    <statBases>
	  <MarketValue>3500</MarketValue>
	  <WorkToMake>10000</WorkToMake>
      <ArmorRating_Blunt>0.40</ArmorRating_Blunt>
      <ArmorRating_Sharp>0.60</ArmorRating_Sharp>
	  <ArmorRating_Heat>0.60</ArmorRating_Heat>
	  <ArmorRating_Electric>0.40</ArmorRating_Electric>
      <Insulation_Cold>-15</Insulation_Cold>
      <Insulation_Heat>15</Insulation_Heat>
    </statBases>
    <equippedStatOffsets>
      <WorkSpeedGlobal>0.5</WorkSpeedGlobal>
      <MeleeHitChance>0.5</MeleeHitChance>	  
      <ShootingAccuracy>0.5</ShootingAccuracy>	  
      <AimingDelayFactor>-0.35</AimingDelayFactor>		  
    </equippedStatOffsets>
    <thingCategories>
		<li>Handwear</li>
	</thingCategories>
    <apparel>
      <bodyPartGroups>
		<li>Hands</li>
	  </bodyPartGroups>
      <layers>
		<li>OnSkin</li>
	  </layers>
    </apparel>
	    <tradeTags>
			<li>USGoods</li>
		</tradeTags>	
  </ThingDef>
  
	<ThingDef ParentName="USMakeableAccessoryBase">
    <defName>PowerBoots</defName>
    <label>Power Boots</label>
    <description>BOOT DESCRIPTION</description>
    <graphicData>
      <texPath>Things/Item/Equipment/Accessory/PowerBoots</texPath>
      <graphicClass>Graphic_Single</graphicClass>
    </graphicData>
	<recipeMaker>
      <researchPrerequisite>USArmors</researchPrerequisite>
    </recipeMaker>
    <costList>
	  <Powershard>2</Powershard>  
      <Hyperweave>50</Hyperweave>  
	  <Plasteel>10</Plasteel>
    </costList>	
    <statBases>
	  <MarketValue>3700</MarketValue>
	  <WorkToMake>10000</WorkToMake>
      <ArmorRating_Blunt>0.40</ArmorRating_Blunt>
      <ArmorRating_Sharp>0.60</ArmorRating_Sharp>
	  <ArmorRating_Heat>0.60</ArmorRating_Heat>
	  <ArmorRating_Electric>0.40</ArmorRating_Electric>
      <Insulation_Cold>-15</Insulation_Cold>
      <Insulation_Heat>15</Insulation_Heat>
    </statBases>
    <equippedStatOffsets>
		<MoveSpeed>5</MoveSpeed>
    </equippedStatOffsets>
    <thingCategories>
		<li>Footwear</li>
	</thingCategories>	
    <apparel>
      <bodyPartGroups>
		<li>Feet</li>
	  </bodyPartGroups>
      <layers>
		<li>OnSkin</li>
	  </layers>
    </apparel>
	    <tradeTags>
			<li>USGoods</li>
		</tradeTags>	
  </ThingDef>
  
  
  
</Defs>