<?xml version="1.0" encoding="utf-8" ?>

<Defs>

  <ThingDef ParentName="ResourceBase">
    <defName>PowercoreShell</defName>
    <label>powercore shell</label>
    <description>Fired from mortars.</description>
    <graphicData>
      <texPath>Things/Item/Resource/PowercoreShell</texPath>
      <graphicClass>Graphic_Single</graphicClass>
    </graphicData>
    <soundInteract>Metal_Drop</soundInteract>
    <soundDrop>Standard_Drop</soundDrop>
    <tickerType>Normal</tickerType>
    <stackLimit>25</stackLimit>
    <statBases>
      <MaxHitPoints>200</MaxHitPoints>
      <MarketValue>350</MarketValue>
      <Flammability>1</Flammability>
      <DeteriorationRate>0</DeteriorationRate>
    </statBases>
    <thingCategories>
      <li>Manufactured</li>
    </thingCategories>
    <comps>
      <li Class="CompProperties_Explosive">
        <explosiveRadius>10</explosiveRadius>
        <explosiveDamageType>Bomb</explosiveDamageType>
        <explosiveExpandPerStackcount>0.1</explosiveExpandPerStackcount>
        <startWickHitPointsPercent>0.10</startWickHitPointsPercent>
        <wickTicks>
          <min>10</min>
          <max>30</max>
        </wickTicks>
      </li>
    </comps>
  </ThingDef>
  
</Defs>