﻿<?xml version="1.0" encoding="utf-8" ?>
<Defs>

  <PawnKindDef>
    <defName>DestroyerSoldier</defName>
    <label>soldier</label>
    <race>Destroyer_Soldier</race>
    <combatPower>300</combatPower>
    <defaultFactionType>Destroyer</defaultFactionType>
    <aiAvoidCover>true</aiAvoidCover>
	<lifeStages>
      <li>
        <bodyGraphicData>
          <texPath>Pawn/Soldier</texPath>
          <graphicClass>Graphic_Multi</graphicClass>
          <drawSize>1.5</drawSize>
          <shadowData>
            <volume>(0.4, 0.8, 0.4)</volume>
          </shadowData>
        </bodyGraphicData>
      </li>
    </lifeStages>
	<gearHealthRange>
      <min>1</min>
      <max>1</max>
    </gearHealthRange>
	<itemQuality>Legendary</itemQuality>
    <weaponMoney>
      <min>0</min>
      <max>3000</max>
    </weaponMoney>
    <weaponTags>
      <li>Gun</li>
	  <li>Melee</li>
	  <li>USWeapons</li>
    </weaponTags>
    <techHediffsMoney>
      <min>1000</min>
      <max>15000</max>
    </techHediffsMoney>
    <techHediffsTags>
      <li>Advanced</li>
    </techHediffsTags>
    <techHediffsChance>0.003</techHediffsChance>
    <inventoryOptions>
      <skipChance>0</skipChance>
      <subOptionsChooseOne>
        <li>
          <thingDef>Powershard</thingDef>
          <countRange>
            <min>10</min>
            <max>20</max>
          </countRange>
        </li>
        <li>
          <thingDef>Medicine</thingDef>
          <countRange>
            <min>1</min>
            <max>5</max>
          </countRange>
        </li>
      </subOptionsChooseOne>
    </inventoryOptions>
  </PawnKindDef>

</Defs>