﻿<?xml version="1.0" encoding="utf-8" ?>
<Defs>

  <PawnKindDef>
    <defName>DestroyerPsycho</defName>
    <label>psycho</label>
    <race>Destroyer_Psycho</race>
    <combatPower>500</combatPower>
    <defaultFactionType>Destroyer</defaultFactionType>
    <aiAvoidCover>true</aiAvoidCover>
	<lifeStages>
      <li>
        <bodyGraphicData>
          <texPath>Pawn/Psycho</texPath>
          <graphicClass>Graphic_Multi</graphicClass>
          <drawSize>1</drawSize>
          <shadowData>
            <volume>(0.4, 0.8, 0.4)</volume>
          </shadowData>
        </bodyGraphicData>
      </li>
    </lifeStages>
	<inventoryOptions>
      <skipChance>0</skipChance>
      <subOptionsChooseOne>
        <li>
          <thingDef>Powershard</thingDef>
          <countRange>
            <min>1</min>
            <max>5</max>
          </countRange>
        </li>
      </subOptionsChooseOne>
    </inventoryOptions>
  </PawnKindDef>

</Defs>