﻿<?xml version="1.0" encoding="utf-8" ?>
<Defs>

	<RecipeDef Abstract="True" Name="SurgeryFlesh">
		<effectWorking>Surgery</effectWorking>
		<soundWorking>Recipe_Surgery</soundWorking>
		<workSpeedStat>MedicalOperationSpeed</workSpeedStat>
		<workSkill>Medicine</workSkill>
		<workSkillLearnFactor>16</workSkillLearnFactor>
	</RecipeDef>

	<RecipeDef Name="SurgeryUS" ParentName="SurgeryFlesh" Abstract="True">
		<surgerySuccessChanceFactor>0.98</surgerySuccessChanceFactor>
		<deathOnFailedSurgeryChance>0.02</deathOnFailedSurgeryChance>
		<recipeUsers>
			<li>Human</li>
			<li>HumanTwo</li>
		</recipeUsers>
	</RecipeDef>

  <RecipeDef ParentName="SurgeryUS">
    <defName>InstallPowerHeart</defName>
    <label>install power heart</label>
    <description>Install heart</description>
    <workerClass>Recipe_InstallArtificialBodyPart</workerClass>
    <jobString>Installing power heart.</jobString>
    <workAmount>2000</workAmount>
    <ingredients>
			<li>
				<filter>
					<categories>
						<li>Medicine</li>
					</categories>
				</filter>
				<count>1</count>
			</li>
			<li>
				<filter>
					<thingDefs>
						<li>PowerHeart</li>
					</thingDefs>
				</filter>
				<count>1</count>
			</li>
		</ingredients>
		<fixedIngredientFilter>
      <categories>
        <li>Medicine</li>
      </categories>
			<thingDefs>
				<li>PowerHeart</li>
			</thingDefs>
		</fixedIngredientFilter>
		<appliedOnFixedBodyParts>
			<li>Heart</li>
		</appliedOnFixedBodyParts>
		<addsHediff>PowerHeart</addsHediff>
	</RecipeDef>
	
	<RecipeDef ParentName="SurgeryUS">
		<defName>InstallPowerLiver</defName>
		<label>install power liver</label>
		<description>Installs power liver.</description>
		<workerClass>Recipe_InstallArtificialBodyPart</workerClass>
		<jobString>Installing liver.</jobString>
		<workAmount>2000</workAmount>
		<ingredients>
			<li>
				<filter>
          <categories>
						<li>Medicine</li>
					</categories>
				</filter>
				<count>1</count>
			</li>
			<li>
				<filter>
					<thingDefs>
						<li>PowerLiver</li>
					</thingDefs>
				</filter>
				<count>1</count>
			</li>
		</ingredients>
		<fixedIngredientFilter>
      <categories>
        <li>Medicine</li>
      </categories>
			<thingDefs>
				<li>PowerLiver</li>
			</thingDefs>
		</fixedIngredientFilter>
		<appliedOnFixedBodyParts>
			<li>Liver</li>
		</appliedOnFixedBodyParts>
		<addsHediff>PowerLiver</addsHediff>
	</RecipeDef>
	
	<RecipeDef ParentName="SurgeryUS">
		<defName>InstallPowerKidney</defName>
		<label>install kidney</label>
		<description>Installs kidney.</description>
		<workerClass>Recipe_InstallArtificialBodyPart</workerClass>
		<jobString>Installing kidney.</jobString>
		<workAmount>2000</workAmount>
		<ingredients>
			<li>
				<filter>
          <categories>
						<li>Medicine</li>
					</categories>
				</filter>
				<count>1</count>
			</li>
			<li>
				<filter>
					<thingDefs>
						<li>PowerKidney</li>
					</thingDefs>
				</filter>
				<count>1</count>
			</li>
		</ingredients>
		<fixedIngredientFilter>
      <categories>
        <li>Medicine</li>
      </categories>
      <thingDefs>
				<li>PowerKidney</li>
			</thingDefs>
		</fixedIngredientFilter>
		<appliedOnFixedBodyParts>
			<li>LeftKidney</li>
			<li>RightKidney</li>
		</appliedOnFixedBodyParts>
		<addsHediff>PowerKidney</addsHediff>
	</RecipeDef>

  <RecipeDef ParentName="SurgeryUS">
		<defName>InstallPowerLung</defName>
		<label>install lung</label>
		<description>Installs lung.</description>
		<workerClass>Recipe_InstallArtificialBodyPart</workerClass>
		<jobString>Installing lung.</jobString>
		<workAmount>2000</workAmount>
		<ingredients>
			<li>
				<filter>
          <categories>
						<li>Medicine</li>
					</categories>
				</filter>
				<count>1</count>
			</li>
			<li>
				<filter>
					<thingDefs>
						<li>PowerLung</li>
					</thingDefs>
				</filter>
				<count>1</count>
			</li>
		</ingredients>
		<fixedIngredientFilter>
      <categories>
        <li>Medicine</li>
      </categories>
      <thingDefs>
				<li>PowerLung</li>
			</thingDefs>
		</fixedIngredientFilter>
		<appliedOnFixedBodyParts>
			<li>LeftLung</li>
			<li>RightLung</li>
		</appliedOnFixedBodyParts>
		<addsHediff>PowerLung</addsHediff>
	</RecipeDef>

  <RecipeDef ParentName="SurgeryUS">
		<defName>InstallPowerEye</defName>
		<label>install power eye</label>
		<description>Installs bionic eye.</description>
		<workerClass>Recipe_InstallArtificialBodyPart</workerClass>
		<jobString>Installing bionic eye.</jobString>
		<workAmount>2000</workAmount>
		<ingredients>
			<li>
				<filter>
          <categories>
            <li>Medicine</li>
          </categories>
				</filter>
				<count>1</count>
			</li>
			<li>
				<filter>
					<thingDefs>
						<li>PowerEye</li>
					</thingDefs>
				</filter>
				<count>1</count>
			</li>
		</ingredients>
		<fixedIngredientFilter>
      <categories>
        <li>Medicine</li>
      </categories>
      <thingDefs>
				<li>PowerEye</li>
			</thingDefs>
		</fixedIngredientFilter>
		<appliedOnFixedBodyParts>
			<li>LeftEye</li>
			<li>RightEye</li>
		</appliedOnFixedBodyParts>
		<addsHediff>PowerEye</addsHediff>
	</RecipeDef>

  <RecipeDef ParentName="SurgeryUS">
		<defName>InstallPowerBionicArm</defName>
		<label>install power bionic arm</label>
		<description>Installs power bionic arm.</description>
		<workerClass>Recipe_InstallArtificialBodyPart</workerClass>
		<jobString>Installing power bionic arm.</jobString>
		<workAmount>2000</workAmount>
		<ingredients>
			<li>
				<filter>
          <categories>
            <li>Medicine</li>
          </categories>
				</filter>
				<count>1</count>
			</li>
			<li>
				<filter>
					<thingDefs>
						<li>PowerBionicArm</li>
					</thingDefs>
				</filter>
				<count>1</count>
			</li>
		</ingredients>
		<fixedIngredientFilter>
      <categories>
        <li>Medicine</li>
      </categories>
			<thingDefs>
				<li>PowerBionicArm</li>
			</thingDefs>
		</fixedIngredientFilter>
		<appliedOnFixedBodyParts>
			<li>LeftShoulder</li>
			<li>RightShoulder</li>
		</appliedOnFixedBodyParts>
		<addsHediff>PowerBionicArm</addsHediff>
	</RecipeDef>

  <RecipeDef ParentName="SurgeryUS">
		<defName>InstallPowerLeg</defName>
		<label>install bionic leg</label>
		<description>Installs bionic leg.</description>
		<workerClass>Recipe_InstallArtificialBodyPart</workerClass>
		<jobString>Installing bionic leg.</jobString>
		<workAmount>2000</workAmount>
		<ingredients>
			<li>
				<filter>
          <categories>
						<li>Medicine</li>
					</categories>
				</filter>
				<count>1</count>
			</li>
			<li>
				<filter>
					<thingDefs>
						<li>PowerLeg</li>
					</thingDefs>
				</filter>
				<count>1</count>
			</li>
		</ingredients>
		<fixedIngredientFilter>
      <categories>
        <li>Medicine</li>
      </categories>
      <thingDefs>
				<li>PowerLeg</li>
			</thingDefs>
		</fixedIngredientFilter>
		<appliedOnFixedBodyParts>
			<li>LeftLeg</li>
			<li>RightLeg</li>
		</appliedOnFixedBodyParts>
		<addsHediff>PowerLeg</addsHediff>
	</RecipeDef>


  <RecipeDef ParentName="SurgeryUS">
		<defName>InstallPowerJaw</defName>
		<label>install power jaw</label>
		<description>Installs denture.</description>
		<workerClass>Recipe_InstallArtificialBodyPart</workerClass>
		<jobString>Installing denture.</jobString>
		<workAmount>2000</workAmount>
		<ingredients>
			<li>
				<filter>
          <categories>
						<li>Medicine</li>
					</categories>
				</filter>
				<count>1</count>
			</li>
			<li>
				<filter>
					<thingDefs>
						<li>PowerJaw</li>
					</thingDefs>
				</filter>
				<count>1</count>
			</li>
		</ingredients>
		<fixedIngredientFilter>
      <categories>
        <li>Medicine</li>
      </categories>
	  <thingDefs>
				<li>PowerJaw</li>
			</thingDefs>
		</fixedIngredientFilter>
		<appliedOnFixedBodyParts>
			<li>Jaw</li>
		</appliedOnFixedBodyParts>
		<addsHediff>PowerJaw</addsHediff>
	</RecipeDef>

  <RecipeDef ParentName="SurgeryUS">
		<defName>InstallCrystalineSpike</defName>
		<label>install crystaline spike</label>
		<description>Installs crystaline spike.</description>
		<workerClass>Recipe_InstallArtificialBodyPart</workerClass>
		<jobString>Installing crystaline spike.</jobString>
		<workAmount>2000</workAmount>
		<ingredients>
			<li>
				<filter>
          <categories>
						<li>Medicine</li>
					</categories>
				</filter>
				<count>1</count>
			</li>
			<li>
				<filter>
					<thingDefs>
						<li>CrystalineSpike</li>
					</thingDefs>
				</filter>
				<count>1</count>
			</li>
		</ingredients>
		<fixedIngredientFilter>
      <categories>
        <li>Medicine</li>
      </categories>
      <thingDefs>
				<li>CrystalineSpike</li>
			</thingDefs>
		</fixedIngredientFilter>
		<appliedOnFixedBodyParts>
			<li>LeftHand</li>
			<li>RightHand</li>
		</appliedOnFixedBodyParts>
		<addsHediff>CrystalineSpike</addsHediff>
	</RecipeDef>
	
	<RecipeDef ParentName="SurgeryUS">
    <defName>InstallPowerSpine</defName>
    <label>install power spine</label>
    <description>Installs spine.</description>
    <workerClass>Recipe_InstallArtificialBodyPart</workerClass>
    <jobString>Installing power spine.</jobString>
    <workAmount>2000</workAmount>
    <ingredients>
			<li>
				<filter>
					<categories>
						<li>Medicine</li>
					</categories>
				</filter>
				<count>1</count>
			</li>
			<li>
				<filter>
					<thingDefs>
						<li>PowerSpine</li>
					</thingDefs>
				</filter>
				<count>1</count>
			</li>
		</ingredients>
		<fixedIngredientFilter>
      <categories>
        <li>Medicine</li>
      </categories>
			<thingDefs>
				<li>PowerSpine</li>
			</thingDefs>
		</fixedIngredientFilter>
		<appliedOnFixedBodyParts>
			<li>Spine</li>
		</appliedOnFixedBodyParts>
		<addsHediff>PowerSpine</addsHediff>
	</RecipeDef>
	
	<RecipeDef ParentName="SurgeryUS">
    <defName>InstallPowerExoSuit</defName>
    <label>install power exosuit</label>
    <description>Installs exosuit.</description>
    <workerClass>Recipe_InstallArtificialBodyPart</workerClass>
    <jobString>Installing power exosuit.</jobString>
    <workAmount>2000</workAmount>
    <ingredients>
			<li>
				<filter>
					<categories>
						<li>Medicine</li>
					</categories>
				</filter>
				<count>1</count>
			</li>
			<li>
				<filter>
					<thingDefs>
						<li>PowerExoSuit</li>
					</thingDefs>
				</filter>
				<count>1</count>
			</li>
		</ingredients>
		<fixedIngredientFilter>
      <categories>
        <li>Medicine</li>
      </categories>
			<thingDefs>
				<li>PowerExoSuit</li>
			</thingDefs>
		</fixedIngredientFilter>
		<appliedOnFixedBodyParts>
			<li>Torso</li>
		</appliedOnFixedBodyParts>
		<addsHediff>PowerExoSuit</addsHediff>
	</RecipeDef>
  
  
</Defs>