<?xml version="1.0" encoding="utf-8" ?>
<Defs>

  <FactionDef>
		<defName>Destroyer</defName>
		<label>Destroyer</label>
    <description>Nobody knows where they came from, but their only goal seems to be to destroy all sentiant life they come across. They are some strange mix between human and mech.</description>
    <pawnsPlural>Destroyer soldiers</pawnsPlural>
    <baseSelectionWeight>1</baseSelectionWeight>
    <requiredCountAtGameStart>1</requiredCountAtGameStart>
    <canMakeRandomly>true</canMakeRandomly>
    <autoFlee>false</autoFlee>
    <canSiege>false</canSiege>
    <canStageAttacks>true</canStageAttacks>
    <leaderTitle>leader</leaderTitle>
    <appreciative>false</appreciative>
	<hidden>true</hidden>
    <expandingIconTexture>Things/DestroyerIcon</expandingIconTexture>
    <colorSpectrum>
      <li>(0, 0, 0)</li>
    </colorSpectrum>
    <startingGoodwill>
      <min>-99</min>
      <max>-98</max>
    </startingGoodwill>
		<factionNameMaker>NamerFactionPirate</factionNameMaker>
		<baseNameMaker>NamerFactionBasePirate</baseNameMaker>
		<techLevel>Spacer</techLevel>
		<earliestRaidDays>20</earliestRaidDays>
		<backstoryCategory>Civil</backstoryCategory>
		<hairTags>
			<li>Rural</li>
		</hairTags>
    <naturalColonyGoodwill>
      <min>-99</min>
      <max>-98</max>
    </naturalColonyGoodwill>
    <allowedArrivalTemperatureRange>
      <min>-100</min>
      <max>100</max>
    </allowedArrivalTemperatureRange>
    <pawnGroupMakers>
      <li>
        <kindDef>Normal</kindDef>
        <commonality>100</commonality>
        <options>
          <DestroyerPsycho>75</DestroyerPsycho>
		  <DestroyerSoldier>200</DestroyerSoldier>
		  <DestroyerGiant>75</DestroyerGiant>
		  <DestroyerBehemothGunner>10</DestroyerBehemothGunner>
		  <DestroyerBehemothPsycho>25</DestroyerBehemothPsycho>
        </options>
      </li>
    </pawnGroupMakers>

    <homeIconPath>World/WorldObjects/DefaultFactionBase</homeIconPath>
  </FactionDef>
</Defs>