<?xml version="1.0" encoding="UTF-8"?>

<Defs>

   <ThingDef ParentName="BenchBase">
      <defName>USWeaponArmorbench</defName>
      <label>US Weapons and Armor Bench</label>
      <thingClass>Building_WorkTable</thingClass>
      <description>A workbench equipped for the production powerful weapons and armor.</description>
      <graphicData>
         <texPath>Things/Building/Production/TableWeaponArmorProduction</texPath>
         <graphicClass>Graphic_Multi</graphicClass>
         <drawSize>(3.5,1.5)</drawSize>
      </graphicData>
      <costList>
         <Steel>300</Steel>
         <Plasteel>200</Plasteel>
         <Component>15</Component>
      </costList>
      <constructEffect>ConstructMetal</constructEffect>
      <altitudeLayer>Building</altitudeLayer>
      <fillPercent>0.5</fillPercent>
      <useHitPoints>True</useHitPoints>
      <statBases>
         <WorkToBuild>8000</WorkToBuild>
         <MaxHitPoints>2000</MaxHitPoints>
         <Flammability>1.0</Flammability>
         <Cleanliness>-1</Cleanliness>
      </statBases>
      <size>(3,1)</size>
      <comps>
         <li Class="CompProperties_Power">
            <compClass>CompPowerTrader</compClass>
            <startElectricalFires>true</startElectricalFires>
            <basePowerConsumption>1500</basePowerConsumption>
         </li>
         <li Class="CompProperties_Flickable"/>
         <li Class="CompProperties_AffectedByFacilities">
            <linkableFacilities>
               <li>ToolCabinet</li>
            </linkableFacilities>
         </li>
         <li Class="CompProperties_Breakdownable"/>
      </comps>
      <designationCategory>Production</designationCategory>
      <passability>PassThroughOnly</passability>
      <pathCost>60</pathCost>
      <hasInteractionCell>True</hasInteractionCell>
      <interactionCellOffset>(0,0,-1)</interactionCellOffset>
      <surfaceType>Item</surfaceType>
      <inspectorTabs>
         <li>ITab_Bills</li>
      </inspectorTabs>
      <building>
         <spawnedConceptLearnOpportunity>BillsTab</spawnedConceptLearnOpportunity>
      </building>
      <placeWorkers>
         <li>PlaceWorker_ShowFacilitiesConnections</li>
      </placeWorkers>
      <researchPrerequisites>
         <li>USWeaponArmorbench</li>
      </researchPrerequisites>
   </ThingDef>
   
</Defs>