﻿<?xml version="1.0" encoding="utf-8" ?>
<Defs>

<!--  SMALL ATTACKS  -->

  <RaidStrategyDef>
    <defName>ImmediateAttack</defName>
    <workerClass>RaidStrategyWorker_ImmediateAttack</workerClass>
    <letterLabelEnemy>Raid</letterLabelEnemy>
    <arrivalTextEnemy>They are attacking immediately.</arrivalTextEnemy>
    <letterLabelFriendly>Friendlies</letterLabelFriendly>
    <arrivalTextFriendly>They are moving in to help you immediately.</arrivalTextFriendly>
    <pointsFactor>0.45</pointsFactor>
    <selectionChance>0.4</selectionChance>
	<minPawns>2</minPawns>
    <pawnsCanBringFood>false</pawnsCanBringFood>
    <arriveModes>
      <li>EdgeDrop</li>
      <li>EdgeWalkIn</li>
      <li>CenterDrop</li>
    </arriveModes>
  </RaidStrategyDef>

  <RaidStrategyDef>
    <defName>ImmediateAttackSmart</defName>
    <workerClass>RaidStrategyWorker_ImmediateAttackSmart</workerClass>
    <letterLabelEnemy>Raid</letterLabelEnemy>
    <arrivalTextEnemy>They are attacking immediately.\n\nWatch out - they appear to be unusually clever with their tactics.</arrivalTextEnemy>
    <letterLabelFriendly>Friendlies</letterLabelFriendly>
    <arrivalTextFriendly>They are moving in to help you immediately.</arrivalTextFriendly>
    <pointsFactor>0.4</pointsFactor>
    <selectionChance>0.2</selectionChance>
	<minPawns>2</minPawns>
    <pawnsCanBringFood>false</pawnsCanBringFood>
    <arriveModes>
      <li>EdgeDrop</li>
      <li>EdgeWalkIn</li>
      <li>CenterDrop</li>
    </arriveModes>
  </RaidStrategyDef>

  <RaidStrategyDef>
    <defName>StageThenAttack</defName>
    <workerClass>RaidStrategyWorker_StageThenAttack</workerClass>
    <letterLabelEnemy>Raid</letterLabelEnemy>
    <arrivalTextEnemy>They will prepare for a while, then attack.\n\nPrepare a defense or attack them pre-emptively.</arrivalTextEnemy>
    <letterLabelFriendly>Friendlies</letterLabelFriendly>
    <arrivalTextFriendly>They will prepare for a while before moving in to help you.</arrivalTextFriendly>
    <pointsFactor>0.45</pointsFactor>
    <selectionChance>0.3</selectionChance>
	<minPawns>2</minPawns>
    <pawnsCanBringFood>false</pawnsCanBringFood>
    <arriveModes>
      <li>EdgeDrop</li>
      <li>EdgeWalkIn</li>
    </arriveModes>
  </RaidStrategyDef>
  
  <RaidStrategyDef>
    <defName>ImmediateAttackSappers</defName>
    <workerClass>RaidStrategyWorker_ImmediateAttackSappers</workerClass>
    <letterLabelEnemy>Raid</letterLabelEnemy>
    <arrivalTextEnemy>It looks like they want to use sappers to tunnel around your defenses.</arrivalTextEnemy>
    <pointsFactor>0.3</pointsFactor>
    <selectionChance>0.1</selectionChance>
    <minPawns>2</minPawns>
    <pawnsCanBringFood>false</pawnsCanBringFood>
    <arriveModes>
      <li>EdgeDrop</li>
      <li>EdgeWalkIn</li>
    </arriveModes>
  </RaidStrategyDef>

  <RaidStrategyDef>
    <defName>Siege</defName>
    <workerClass>RaidStrategyWorker_Siege</workerClass>
    <letterLabelEnemy>Siege</letterLabelEnemy>
    <arrivalTextEnemy>It looks like they want to besiege the colony and pound you with artillery from a distance. You can try to wait them out - or go get them.</arrivalTextEnemy>
    <letterLabelFriendly>Friendlies</letterLabelFriendly>
    <arrivalTextFriendly>It looks like they want to use siege tactics to help you.</arrivalTextFriendly>
    <pointsFactor>0.3</pointsFactor>
    <selectionChance>0.1</selectionChance>
    <minPawns>4</minPawns>
    <arriveModes>
      <li>EdgeDrop</li>
      <li>EdgeWalkIn</li>
    </arriveModes>
  </RaidStrategyDef>
  
<!--  MEDIUM ATTACKS  -->
  
  <RaidStrategyDef>
    <defName>MediumAttack</defName>
    <workerClass>RaidStrategyWorker_ImmediateAttack</workerClass>
    <letterLabelEnemy>Raid</letterLabelEnemy>
    <arrivalTextEnemy>This seems to be a slightly larger than usual group of raiders. They will be attacking immediately</arrivalTextEnemy>
    <letterLabelFriendly>Friendlies</letterLabelFriendly>
    <pointsFactor>0.9</pointsFactor>
    <selectionChance>0.9</selectionChance>
	<minDaysPassed>5</minDaysPassed>
	<minPawns>8</minPawns>
    <pawnsCanBringFood>false</pawnsCanBringFood>
    <arriveModes>
      <li>EdgeDrop</li>
      <li>EdgeWalkIn</li>
    </arriveModes>
  </RaidStrategyDef>
  
  <RaidStrategyDef>
    <defName>MediumStageThenAttack</defName>
    <workerClass>RaidStrategyWorker_StageThenAttack</workerClass>
    <letterLabelEnemy>Raid</letterLabelEnemy>
    <arrivalTextEnemy>This seems to be a slightly larger than usual group of raiders.\n\nPrepare a defense or attack them pre-emptively.</arrivalTextEnemy>
    <letterLabelFriendly>Friendlies</letterLabelFriendly>
    <pointsFactor>0.9</pointsFactor>
    <selectionChance>0.75</selectionChance>
	<minDaysPassed>7</minDaysPassed>
	<minPawns>8</minPawns>
    <pawnsCanBringFood>false</pawnsCanBringFood>
    <arriveModes>
      <li>EdgeDrop</li>
      <li>EdgeWalkIn</li>
    </arriveModes>
  </RaidStrategyDef>
  
  <RaidStrategyDef>
    <defName>MediumImmediateAttackSmart</defName>
    <workerClass>RaidStrategyWorker_ImmediateAttackSmart</workerClass>
    <letterLabelEnemy>Raid</letterLabelEnemy>
    <arrivalTextEnemy>This seems to be a slightly larger than usual group of raiders. They are attacking immediately.\n\nWatch out - they appear to be unusually clever with their tactics.</arrivalTextEnemy>
    <letterLabelFriendly>Friendlies</letterLabelFriendly>
    <arrivalTextFriendly>They are moving in to help you immediately.</arrivalTextFriendly>
    <pointsFactor>0.8</pointsFactor>
    <selectionChance>0.8</selectionChance>
	<minDaysPassed>8</minDaysPassed>
	<minPawns>8</minPawns>
    <pawnsCanBringFood>false</pawnsCanBringFood>
    <arriveModes>
      <li>EdgeDrop</li>
      <li>EdgeWalkIn</li>
      <li>CenterDrop</li>
    </arriveModes>
  </RaidStrategyDef>
  
  <RaidStrategyDef>
    <defName>MediumImmediateAttackSappers</defName>
    <workerClass>RaidStrategyWorker_ImmediateAttackSappers</workerClass>
    <letterLabelEnemy>Raid</letterLabelEnemy>
    <arrivalTextEnemy>This seems to be a slightly larger than usual group of raiders. It looks like they want to use sappers to tunnel around your defenses.</arrivalTextEnemy>
    <pointsFactor>0.6</pointsFactor>
    <selectionChance>0.6</selectionChance>
	<minDaysPassed>9</minDaysPassed>
    <minPawns>8</minPawns>
    <pawnsCanBringFood>false</pawnsCanBringFood>
    <arriveModes>
      <li>EdgeDrop</li>
      <li>EdgeWalkIn</li>
    </arriveModes>
  </RaidStrategyDef>
  
  <RaidStrategyDef>
    <defName>MediumSiege</defName>
    <workerClass>RaidStrategyWorker_Siege</workerClass>
    <letterLabelEnemy>Siege</letterLabelEnemy>
    <arrivalTextEnemy>This seems to be a slightly larger than usual group of raiders. It looks like they want to besiege the colony and pound you with artillery from a distance. You can try to wait them out - or go get them.</arrivalTextEnemy>
    <letterLabelFriendly>Friendlies</letterLabelFriendly>
    <arrivalTextFriendly>It looks like they want to use siege tactics to help you.</arrivalTextFriendly>
    <pointsFactor>0.6</pointsFactor>
    <selectionChance>0.5</selectionChance>
	<minDaysPassed>10</minDaysPassed>
    <minPawns>8</minPawns>
    <arriveModes>
      <li>EdgeDrop</li>
      <li>EdgeWalkIn</li>
    </arriveModes>
  </RaidStrategyDef>
  
  <!--  LARGE ATTACKS  -->
  
  <RaidStrategyDef>
    <defName>LargeAttack</defName>
    <workerClass>RaidStrategyWorker_ImmediateAttack</workerClass>
    <letterLabelEnemy>Raid</letterLabelEnemy>
    <arrivalTextEnemy>This is a pretty large group of raiders. They will be attacking immediately</arrivalTextEnemy>
    <letterLabelFriendly>Friendlies</letterLabelFriendly>
    <pointsFactor>1.8</pointsFactor>
    <selectionChance>2</selectionChance>
	<minDaysPassed>12</minDaysPassed>
	<minPawns>16</minPawns>
    <pawnsCanBringFood>false</pawnsCanBringFood>
    <arriveModes>
      <li>EdgeDrop</li>
      <li>EdgeWalkIn</li>
    </arriveModes>
  </RaidStrategyDef>
  
  <RaidStrategyDef>
    <defName>LargeStageThenAttack</defName>
    <workerClass>RaidStrategyWorker_StageThenAttack</workerClass>
    <letterLabelEnemy>Raid</letterLabelEnemy>
    <arrivalTextEnemy>This is a pretty large group of raiders.\n\nPrepare a defense or attack them pre-emptively.</arrivalTextEnemy>
    <letterLabelFriendly>Friendlies</letterLabelFriendly>
    <pointsFactor>1.8</pointsFactor>
    <selectionChance>2</selectionChance>
	<minDaysPassed>13</minDaysPassed>
	<minPawns>16</minPawns>
    <pawnsCanBringFood>false</pawnsCanBringFood>
    <arriveModes>
      <li>EdgeDrop</li>
      <li>EdgeWalkIn</li>
    </arriveModes>
  </RaidStrategyDef>
  
  <RaidStrategyDef>
    <defName>LargeImmediateAttackSmart</defName>
    <workerClass>RaidStrategyWorker_ImmediateAttackSmart</workerClass>
    <letterLabelEnemy>Raid</letterLabelEnemy>
    <arrivalTextEnemy>This is a pretty large group of raiders. They are attacking immediately.\n\nWatch out - they appear to be unusually clever with their tactics.</arrivalTextEnemy>
    <letterLabelFriendly>Friendlies</letterLabelFriendly>
    <arrivalTextFriendly>They are moving in to help you immediately.</arrivalTextFriendly>
    <pointsFactor>1.5</pointsFactor>
    <selectionChance>1.8</selectionChance>
	<minDaysPassed>15</minDaysPassed>
	<minPawns>16</minPawns>
    <pawnsCanBringFood>false</pawnsCanBringFood>
    <arriveModes>
      <li>EdgeDrop</li>
      <li>EdgeWalkIn</li>
      <li>CenterDrop</li>
    </arriveModes>
  </RaidStrategyDef>
  
  <RaidStrategyDef>
    <defName>LargeImmediateAttackSappers</defName>
    <workerClass>RaidStrategyWorker_ImmediateAttackSappers</workerClass>
    <letterLabelEnemy>Raid</letterLabelEnemy>
    <arrivalTextEnemy>This is a pretty large group of raiders. It looks like they want to use sappers to tunnel around your defenses.</arrivalTextEnemy>
    <pointsFactor>1.2</pointsFactor>
    <selectionChance>1.6</selectionChance>
	<minDaysPassed>17</minDaysPassed>
	<minPawns>16</minPawns>
    <pawnsCanBringFood>false</pawnsCanBringFood>
    <arriveModes>
      <li>EdgeDrop</li>
      <li>EdgeWalkIn</li>
    </arriveModes>
  </RaidStrategyDef>
  
  <RaidStrategyDef>
    <defName>LargeSiege</defName>
    <workerClass>RaidStrategyWorker_Siege</workerClass>
    <letterLabelEnemy>Siege</letterLabelEnemy>
    <arrivalTextEnemy>This is a pretty large group of raiders. It looks like they want to besiege the colony and pound you with artillery from a distance. You can try to wait them out - or go get them.</arrivalTextEnemy>
    <letterLabelFriendly>Friendlies</letterLabelFriendly>
    <arrivalTextFriendly>It looks like they want to use siege tactics to help you.</arrivalTextFriendly>
    <pointsFactor>1.2</pointsFactor>
    <selectionChance>1.4</selectionChance>
	<minDaysPassed>19</minDaysPassed>
    <minPawns>16</minPawns>
    <arriveModes>
      <li>EdgeDrop</li>
      <li>EdgeWalkIn</li>
    </arriveModes>
  </RaidStrategyDef>
  
    <!--  VERY LARGE ATTACKS  -->
  
  <RaidStrategyDef>
    <defName>VeryLargeAttack</defName>
    <workerClass>RaidStrategyWorker_ImmediateAttack</workerClass>
    <letterLabelEnemy>Raid</letterLabelEnemy>
    <arrivalTextEnemy>This is a very large group of raiders. They will be attacking immediately</arrivalTextEnemy>
    <letterLabelFriendly>Friendlies</letterLabelFriendly>
    <pointsFactor>2.7</pointsFactor>
    <selectionChance>4</selectionChance>
	<minDaysPassed>22</minDaysPassed>
	<minPawns>16</minPawns>
    <pawnsCanBringFood>false</pawnsCanBringFood>
    <arriveModes>
      <li>EdgeDrop</li>
      <li>EdgeWalkIn</li>
    </arriveModes>
  </RaidStrategyDef>
  
  <RaidStrategyDef>
    <defName>VeryLargeStageThenAttack</defName>
    <workerClass>RaidStrategyWorker_StageThenAttack</workerClass>
    <letterLabelEnemy>Raid</letterLabelEnemy>
    <arrivalTextEnemy>This is a very large group of raiders.\n\nPrepare a defense or attack them pre-emptively.</arrivalTextEnemy>
    <letterLabelFriendly>Friendlies</letterLabelFriendly>
    <pointsFactor>2.7</pointsFactor>
    <selectionChance>4</selectionChance>
	<minDaysPassed>26</minDaysPassed>
	<minPawns>24</minPawns>
    <pawnsCanBringFood>false</pawnsCanBringFood>
    <arriveModes>
      <li>EdgeDrop</li>
      <li>EdgeWalkIn</li>
    </arriveModes>
  </RaidStrategyDef>
  
  <RaidStrategyDef>
    <defName>VeryLargeImmediateAttackSmart</defName>
    <workerClass>RaidStrategyWorker_ImmediateAttackSmart</workerClass>
    <letterLabelEnemy>Raid</letterLabelEnemy>
    <arrivalTextEnemy>This is a very large group of raiders. They are attacking immediately.\n\nWatch out - they appear to be unusually clever with their tactics.</arrivalTextEnemy>
    <letterLabelFriendly>Friendlies</letterLabelFriendly>
    <arrivalTextFriendly>They are moving in to help you immediately.</arrivalTextFriendly>
    <pointsFactor>2.25</pointsFactor>
    <selectionChance>3.6</selectionChance>
	<minDaysPassed>30</minDaysPassed>
	<minPawns>24</minPawns>
    <pawnsCanBringFood>false</pawnsCanBringFood>
    <arriveModes>
      <li>EdgeDrop</li>
      <li>EdgeWalkIn</li>
      <li>CenterDrop</li>
    </arriveModes>
  </RaidStrategyDef>
  
  <RaidStrategyDef>
    <defName>VeryLargeImmediateAttackSappers</defName>
    <workerClass>RaidStrategyWorker_ImmediateAttackSappers</workerClass>
    <letterLabelEnemy>Raid</letterLabelEnemy>
    <arrivalTextEnemy>This is a very large group of raiders. It looks like they want to use sappers to tunnel around your defenses.</arrivalTextEnemy>
    <pointsFactor>1.8</pointsFactor>
    <selectionChance>3.2</selectionChance>
	<minDaysPassed>32</minDaysPassed>
	<minPawns>24</minPawns>
    <pawnsCanBringFood>false</pawnsCanBringFood>
    <arriveModes>
      <li>EdgeDrop</li>
      <li>EdgeWalkIn</li>
    </arriveModes>
  </RaidStrategyDef>
  
  <RaidStrategyDef>
    <defName>VeryLargeSiege</defName>
    <workerClass>RaidStrategyWorker_Siege</workerClass>
    <letterLabelEnemy>Siege</letterLabelEnemy>
    <arrivalTextEnemy>This is a very large group of raiders. It looks like they want to besiege the colony and pound you with artillery from a distance. You can try to wait them out - or go get them.</arrivalTextEnemy>
    <letterLabelFriendly>Friendlies</letterLabelFriendly>
    <arrivalTextFriendly>It looks like they want to use siege tactics to help you.</arrivalTextFriendly>
    <pointsFactor>1.6</pointsFactor>
    <selectionChance>3.2</selectionChance>
	<minDaysPassed>35</minDaysPassed>
    <minPawns>24</minPawns>
    <arriveModes>
      <li>EdgeDrop</li>
      <li>EdgeWalkIn</li>
    </arriveModes>
  </RaidStrategyDef>
  
   <!--  MASSIVE ATTACKS  -->
  
  <RaidStrategyDef>
    <defName>MassiveAttack</defName>
    <workerClass>RaidStrategyWorker_ImmediateAttack</workerClass>
    <letterLabelEnemy>Raid</letterLabelEnemy>
    <arrivalTextEnemy>This is a massive group of raiders. They will be attacking immediately</arrivalTextEnemy>
    <letterLabelFriendly>Friendlies</letterLabelFriendly>
    <pointsFactor>5.4</pointsFactor>
    <selectionChance>1</selectionChance>
	<minDaysPassed>38</minDaysPassed>
	<minPawns>40</minPawns>
    <pawnsCanBringFood>false</pawnsCanBringFood>
    <arriveModes>
      <li>EdgeDrop</li>
      <li>EdgeWalkIn</li>
    </arriveModes>
  </RaidStrategyDef>
  
  <RaidStrategyDef>
    <defName>MassiveStageThenAttack</defName>
    <workerClass>RaidStrategyWorker_StageThenAttack</workerClass>
    <letterLabelEnemy>Raid</letterLabelEnemy>
    <arrivalTextEnemy>This is a massive group of raiders.\n\nPrepare a defense or attack them pre-emptively.</arrivalTextEnemy>
    <letterLabelFriendly>Friendlies</letterLabelFriendly>
    <pointsFactor>5.4</pointsFactor>
    <selectionChance>1</selectionChance>
	<minDaysPassed>42</minDaysPassed>
	<minPawns>40</minPawns>
    <pawnsCanBringFood>false</pawnsCanBringFood>
    <arriveModes>
      <li>EdgeDrop</li>
      <li>EdgeWalkIn</li>
    </arriveModes>
  </RaidStrategyDef>
  
  <RaidStrategyDef>
    <defName>MassiveImmediateAttackSmart</defName>
    <workerClass>RaidStrategyWorker_ImmediateAttackSmart</workerClass>
    <letterLabelEnemy>Raid</letterLabelEnemy>
    <arrivalTextEnemy>This is a massive group of raiders. They are attacking immediately.\n\nWatch out - they appear to be unusually clever with their tactics.</arrivalTextEnemy>
    <letterLabelFriendly>Friendlies</letterLabelFriendly>
    <arrivalTextFriendly>They are moving in to help you immediately.</arrivalTextFriendly>
    <pointsFactor>5.4</pointsFactor>
    <selectionChance>1</selectionChance>
	<minDaysPassed>45</minDaysPassed>
	<minPawns>40</minPawns>
    <pawnsCanBringFood>false</pawnsCanBringFood>
    <arriveModes>
      <li>EdgeDrop</li>
      <li>EdgeWalkIn</li>
      <li>CenterDrop</li>
    </arriveModes>
  </RaidStrategyDef>
  
  <RaidStrategyDef>
    <defName>MassiveImmediateAttackSappers</defName>
    <workerClass>RaidStrategyWorker_ImmediateAttackSappers</workerClass>
    <letterLabelEnemy>Raid</letterLabelEnemy>
    <arrivalTextEnemy>This is a massive group of raiders. It looks like they want to use sappers to tunnel around your defenses.</arrivalTextEnemy>
    <pointsFactor>3.6</pointsFactor>
    <selectionChance>1</selectionChance>
	<minDaysPassed>50</minDaysPassed>
	<minPawns>40</minPawns>
    <pawnsCanBringFood>false</pawnsCanBringFood>
    <arriveModes>
      <li>EdgeDrop</li>
      <li>EdgeWalkIn</li>
    </arriveModes>
  </RaidStrategyDef>
  
  <RaidStrategyDef>
    <defName>MassiveSiege</defName>
    <workerClass>RaidStrategyWorker_Siege</workerClass>
    <letterLabelEnemy>Siege</letterLabelEnemy>
    <arrivalTextEnemy>This is a massive group of raiders. It looks like they want to besiege the colony and pound you with artillery from a distance. You can try to wait them out - or go get them.</arrivalTextEnemy>
    <letterLabelFriendly>Friendlies</letterLabelFriendly>
    <arrivalTextFriendly>It looks like they want to use siege tactics to help you.</arrivalTextFriendly>
    <pointsFactor>3.2</pointsFactor>
    <selectionChance>1</selectionChance>
	<minDaysPassed>60</minDaysPassed>
    <minPawns>40</minPawns>
    <arriveModes>
      <li>EdgeDrop</li>
      <li>EdgeWalkIn</li>
    </arriveModes>
  </RaidStrategyDef>
  
</Defs>