<?xml version="1.0" encoding="utf-8" ?>
<Defs>

  <ScenarioDef>
    <defName>UltimateSurvival</defName>
    <label>Ultimate Survival</label>
    <description>A strong start, but don't expect to survive.</description>
    <scenario>
      <summary>A strong start, but don't expect to survive.</summary>
      <playerFaction>
        <def>PlayerFaction</def>
        <factionDef>PlayerColony</factionDef>
      </playerFaction>
      <parts>

        <!-- Config pages -->
        <li Class="ScenPart_ConfigPage_ConfigureStartingPawns">
          <def>ConfigPage_ConfigureStartingPawns</def>
          <pawnCount>5</pawnCount>
        </li>

        <!-- Player starting stuff spawn method-->
        <li Class="ScenPart_PlayerPawnsArriveMethod">
          <def>PlayerPawnsArriveMethod</def>
          <method>DropPods</method>
          <visible>false</visible>
        </li>

        <!-- Player pawns modifiers -->
        <li Class="ScenPart_ForcedHediff">
          <def>ForcedHediff</def>
          <visible>false</visible>
          <context>PlayerStarter</context>
          <chance>0.5</chance>
          <hediff>CryptosleepSickness</hediff>
          <hideOffMap>true</hideOffMap>
          <severityRange>
            <min>1</min>
            <max>1</max>
          </severityRange>
        </li>
        
        <!-- Player starting things -->
        <li Class="ScenPart_StartingThing_Defined">
          <def>StartingThing_Defined</def>
          <thingDef>Silver</thingDef>
          <count>5000</count>
        </li>
        <li Class="ScenPart_StartingThing_Defined">
          <def>StartingThing_Defined</def>
          <thingDef>MealSurvivalPack</thingDef>
          <count>200</count>
        </li>
        <li Class="ScenPart_StartingThing_Defined">
          <def>StartingThing_Defined</def>
          <thingDef>Medicine</thingDef>
          <count>100</count>
        </li>
        <li Class="ScenPart_StartingThing_Defined">
          <def>StartingThing_Defined</def>
          <thingDef>Component</thingDef>
          <count>100</count>
        </li>
        <li Class="ScenPart_StartingThing_Defined">
          <def>StartingThing_Defined</def>
          <thingDef>Gun_SniperRifle</thingDef>
        </li>
        <li Class="ScenPart_StartingThing_Defined">
          <def>StartingThing_Defined</def>
          <thingDef>Gun_AssaultRifle</thingDef>
        </li>
        <li Class="ScenPart_StartingThing_Defined">
          <def>StartingThing_Defined</def>
          <thingDef>Gun_Revolver</thingDef>
        </li>
        <li Class="ScenPart_StartingThing_Defined">
          <def>StartingThing_Defined</def>
          <thingDef>MeleeWeapon_Knife</thingDef>
          <stuff>Plasteel</stuff>
        </li>
		<li Class="ScenPart_StartingThing_Defined">
          <def>StartingThing_Defined</def>
          <thingDef>MeleeWeapon_Knife</thingDef>
          <stuff>Plasteel</stuff>
        </li>
		<li Class="ScenPart_StartingThing_Defined">
          <def>StartingThing_Defined</def>
          <thingDef>TurretGun</thingDef>
		  <stuff>Steel</stuff>
		  <count>5</count>
        </li>

		
		<!-- Starting research -->
        <li Class="ScenPart_StartingResearch">
          <def>StartingResearch</def>
          <project>GunTurrets</project>
        </li>
		<li Class="ScenPart_StartingResearch">
          <def>StartingResearch</def>
          <project>GeothermalPower</project>
        </li>
		
        <!-- Scatter some things near player start -->
        <li Class="ScenPart_ScatterThingsNearPlayerStart">
          <def>ScatterThingsNearPlayerStart</def>
          <thingDef>Steel</thingDef>
          <count>1000</count>
        </li>
        <li Class="ScenPart_ScatterThingsNearPlayerStart">
          <def>ScatterThingsNearPlayerStart</def>
          <thingDef>WoodLog</thingDef>
          <count>500</count>
        </li>      

        <!-- Scatter some things anywhere -->
        <li Class="ScenPart_ScatterThingsAnywhere">
          <def>ScatterThingsAnywhere</def>
          <thingDef>ShipChunk</thingDef>
          <count>10</count>
        </li>
        <li Class="ScenPart_ScatterThingsAnywhere">
          <def>ScatterThingsAnywhere</def>
          <thingDef>Steel</thingDef>
          <count>2000</count>
        </li>
        <li Class="ScenPart_ScatterThingsAnywhere">
          <def>ScatterThingsAnywhere</def>
          <thingDef>MealSurvivalPack</thingDef>
          <count>50</count>
        </li>
        
      </parts>
    </scenario>
  </ScenarioDef>
  
</Defs>